Date,Service description,Service ID,Cost (£),Savings programs (£),Other savings (£),Unrounded subtotal (£),Subtotal (£)
2026-01-07,Cloud Run,152E-C115-5142,36.20,0.00,0.00,36.202419,36.20
2026-01-07,App Engine,F17B-412E-CB64,21.75,0.00,0.00,21.747116,21.75
2026-01-07,Cloud SQL,9662-B51E-5089,8.44,0.00,0.00,8.444694,8.44
2026-01-07,Compute Engine,6F81-5844-456A,4.28,0.00,0.00,4.280507,4.28
2026-01-07,Artifact Registry,149C-F9EC-3994,1.88,0.00,0.00,1.880937,1.88
2026-01-07,Cloud Storage,95FF-2EF5-5EA1,0.00,0.00,0.00,0.000047,0.00
2026-01-07,Networking,E505-1604-58F8,0.41,0.00,-0.41,0.000000,0.00
2026-01-06,Cloud Run,152E-C115-5142,39.01,0.00,0.00,39.006356,39.01
2026-01-06,App Engine,F17B-412E-CB64,23.88,0.00,0.00,23.884469,23.88
2026-01-06,Cloud SQL,9662-B51E-5089,9.64,0.00,0.00,9.642431,9.64
2026-01-06,Compute Engine,6F81-5844-456A,4.95,0.00,0.00,4.950833,4.95
2026-01-06,Artifact Registry,149C-F9EC-3994,2.31,0.00,0.00,2.306274,2.31
2026-01-06,Cloud Storage,95FF-2EF5-5EA1,0.54,0.00,0.00,0.538691,0.54
2026-01-06,Cloud Build,8B5D-EF7D-EB12,0.00,0.00,0.00,0.000014,0.00
2026-01-06,Networking,E505-1604-58F8,0.43,0.00,-0.43,0.000000,0.00
2026-01-05,Cloud Run,152E-C115-5142,38.01,0.00,0.00,38.005598,38.01
2026-01-05,App Engine,F17B-412E-CB64,23.06,0.00,0.00,23.061456,23.06
2026-01-05,Cloud SQL,9662-B51E-5089,9.64,0.00,0.00,9.642424,9.64
2026-01-05,Compute Engine,6F81-5844-456A,4.81,0.00,0.00,4.813709,4.81
2026-01-05,Artifact Registry,149C-F9EC-3994,2.31,0.00,0.00,2.305979,2.31
2026-01-05,Cloud Storage,95FF-2EF5-5EA1,0.51,0.00,0.00,0.514520,0.51
2026-01-05,Networking,E505-1604-58F8,0.43,0.00,-0.43,0.000000,0.00
2026-01-04,Cloud Run,152E-C115-5142,39.71,0.00,0.00,39.711892,39.71
2026-01-04,App Engine,F17B-412E-CB64,22.97,0.00,0.00,22.972422,22.97
2026-01-04,Cloud SQL,9662-B51E-5089,9.64,0.00,0.00,9.642421,9.64
2026-01-04,Compute Engine,6F81-5844-456A,4.95,0.00,0.00,4.947346,4.95
2026-01-04,Artifact Registry,149C-F9EC-3994,2.31,0.00,0.00,2.305631,2.31
2026-01-04,Cloud Storage,95FF-2EF5-5EA1,0.51,0.00,0.00,0.514186,0.51
2026-01-04,Networking,E505-1604-58F8,0.43,0.00,-0.43,0.000000,0.00
2026-01-03,Cloud Run,152E-C115-5142,40.52,0.00,0.00,40.516522,40.52
2026-01-03,App Engine,F17B-412E-CB64,22.97,0.00,0.00,22.972423,22.97
2026-01-03,Cloud SQL,9662-B51E-5089,9.64,0.00,0.00,9.642432,9.64
2026-01-03,Compute Engine,6F81-5844-456A,4.90,0.00,0.00,4.900292,4.90
2026-01-03,Artifact Registry,149C-F9EC-3994,2.31,0.00,0.00,2.305570,2.31
2026-01-03,Cloud Storage,95FF-2EF5-5EA1,0.51,0.00,0.00,0.514200,0.51
2026-01-03,Networking,E505-1604-58F8,0.43,0.00,-0.43,0.000000,0.00
2026-01-02,Cloud Run,152E-C115-5142,45.94,0.00,0.00,45.935706,45.94
2026-01-02,App Engine,F17B-412E-CB64,22.95,0.00,0.00,22.950335,22.95
2026-01-02,Cloud SQL,9662-B51E-5089,9.64,0.00,0.00,9.642440,9.64
2026-01-02,Compute Engine,6F81-5844-456A,4.49,0.00,0.00,4.493521,4.49
2026-01-02,Artifact Registry,149C-F9EC-3994,2.30,0.00,0.00,2.304321,2.30
2026-01-02,Cloud Storage,95FF-2EF5-5EA1,0.51,0.00,0.00,0.514286,0.51
2026-01-02,Networking,E505-1604-58F8,0.43,0.00,-0.43,0.000000,0.00
2026-01-01,Cloud Run,152E-C115-5142,49.53,0.00,-3.87,45.668625,45.67
2026-01-01,App Engine,F17B-412E-CB64,22.52,0.00,0.00,22.518131,22.52
2026-01-01,Cloud SQL,9662-B51E-5089,9.64,0.00,0.00,9.642395,9.64
2026-01-01,Compute Engine,6F81-5844-456A,4.61,0.00,0.00,4.613478,4.61
2026-01-01,Artifact Registry,149C-F9EC-3994,2.26,0.00,0.00,2.262313,2.26
2026-01-01,Cloud Storage,95FF-2EF5-5EA1,0.59,0.00,0.00,0.592710,0.59
2026-01-01,Cloud Build,8B5D-EF7D-EB12,0.00,0.00,0.00,0.000450,0.00
2026-01-01,Networking,E505-1604-58F8,0.43,0.00,-0.43,0.000000,0.00
2025-12-31,Cloud Run,152E-C115-5142,48.14,0.00,0.00,48.143118,48.14
2025-12-31,App Engine,F17B-412E-CB64,23.51,0.00,0.00,23.511176,23.51
2025-12-31,Cloud SQL,9662-B51E-5089,9.86,0.00,0.00,9.861118,9.86
2025-12-31,Compute Engine,6F81-5844-456A,5.19,0.00,0.00,5.193690,5.19
2025-12-31,Artifact Registry,149C-F9EC-3994,2.35,0.00,0.00,2.347685,2.35
2025-12-31,Cloud Storage,95FF-2EF5-5EA1,0.52,0.00,0.00,0.522909,0.52
2025-12-31,Secret Manager,EE82-7A5E-871C,0.01,0.00,0.00,0.013159,0.01
2025-12-31,Cloud Build,8B5D-EF7D-EB12,0.00,0.00,0.00,0.000052,0.00
2025-12-31,Networking,E505-1604-58F8,0.44,0.00,-0.44,0.000000,0.00
2025-12-30,Cloud Run,152E-C115-5142,39.83,0.00,0.00,39.825378,39.83
2025-12-30,App Engine,F17B-412E-CB64,23.49,0.00,0.00,23.492793,23.49
2025-12-30,Cloud SQL,9662-B51E-5089,9.86,0.00,0.00,9.861113,9.86
2025-12-30,Compute Engine,6F81-5844-456A,5.20,0.00,0.00,5.202044,5.20
2025-12-30,Artifact Registry,149C-F9EC-3994,2.34,0.00,0.00,2.343015,2.34
2025-12-30,Cloud Storage,95FF-2EF5-5EA1,0.52,0.00,0.00,0.524024,0.52
2025-12-30,Secret Manager,EE82-7A5E-871C,0.01,0.00,0.00,0.013163,0.01
2025-12-30,Networking,E505-1604-58F8,0.44,0.00,-0.44,0.000000,0.00
2025-12-29,Cloud Run,152E-C115-5142,38.96,0.00,0.00,38.962052,38.96
2025-12-29,App Engine,F17B-412E-CB64,23.51,0.00,0.00,23.512462,23.51
2025-12-29,Cloud SQL,9662-B51E-5089,9.86,0.00,0.00,9.861126,9.86
2025-12-29,Compute Engine,6F81-5844-456A,5.22,0.00,0.00,5.217570,5.22
2025-12-29,Artifact Registry,149C-F9EC-3994,2.35,0.00,0.00,2.350242,2.35
2025-12-29,Cloud Storage,95FF-2EF5-5EA1,0.52,0.00,0.00,0.523689,0.52
2025-12-29,Secret Manager,EE82-7A5E-871C,0.01,0.00,0.00,0.013161,0.01
2025-12-29,Networking,E505-1604-58F8,0.44,0.00,-0.44,0.000000,0.00
2025-12-28,Cloud Run,152E-C115-5142,54.57,0.00,0.00,54.573425,54.57
2025-12-28,App Engine,F17B-412E-CB64,23.52,0.00,0.00,23.517867,23.52
2025-12-28,Cloud SQL,9662-B51E-5089,9.86,0.00,0.00,9.861129,9.86
2025-12-28,Compute Engine,6F81-5844-456A,5.00,0.00,0.00,5.000239,5.00
2025-12-28,Artifact Registry,149C-F9EC-3994,2.32,0.00,0.00,2.319993,2.32
2025-12-28,Cloud Storage,95FF-2EF5-5EA1,0.52,0.00,0.00,0.524280,0.52
2025-12-28,Secret Manager,EE82-7A5E-871C,0.01,0.00,0.00,0.013163,0.01
2025-12-28,Networking,E505-1604-58F8,0.44,0.00,-0.44,0.000000,0.00
2025-12-27,Cloud Run,152E-C115-5142,48.50,0.00,0.00,48.503683,48.50
2025-12-27,App Engine,F17B-412E-CB64,23.52,0.00,0.00,23.520658,23.52
2025-12-27,Cloud SQL,9662-B51E-5089,9.86,0.00,0.00,9.861122,9.86
2025-12-27,Compute Engine,6F81-5844-456A,5.05,0.00,0.00,5.045368,5.05
2025-12-27,Artifact Registry,149C-F9EC-3994,2.31,0.00,0.00,2.310592,2.31
2025-12-27,Cloud Storage,95FF-2EF5-5EA1,0.52,0.00,0.00,0.523290,0.52
2025-12-27,Secret Manager,EE82-7A5E-871C,0.01,0.00,0.00,0.013155,0.01
2025-12-27,Networking,E505-1604-58F8,0.44,0.00,-0.44,0.000000,0.00
2025-12-26,Cloud Run,152E-C115-5142,40.98,0.00,0.00,40.983735,40.98
2025-12-26,App Engine,F17B-412E-CB64,23.51,0.00,0.00,23.507962,23.51
2025-12-26,Cloud SQL,9662-B51E-5089,9.86,0.00,0.00,9.861098,9.86
2025-12-26,Compute Engine,6F81-5844-456A,5.02,0.00,0.00,5.024642,5.02
2025-12-26,Artifact Registry,149C-F9EC-3994,2.31,0.00,0.00,2.310585,2.31
2025-12-26,Cloud Storage,95FF-2EF5-5EA1,0.52,0.00,0.00,0.523893,0.52
2025-12-26,Secret Manager,EE82-7A5E-871C,0.01,0.00,0.00,0.013163,0.01
2025-12-26,Networking,E505-1604-58F8,0.43,0.00,-0.43,0.000000,0.00
2025-12-25,Cloud Run,152E-C115-5142,41.08,0.00,0.00,41.076116,41.08
2025-12-25,App Engine,F17B-412E-CB64,23.52,0.00,0.00,23.518206,23.52
2025-12-25,Cloud SQL,9662-B51E-5089,9.86,0.00,0.00,9.861102,9.86
2025-12-25,Compute Engine,6F81-5844-456A,5.07,0.00,0.00,5.074435,5.07
2025-12-25,Artifact Registry,149C-F9EC-3994,2.31,0.00,0.00,2.310586,2.31
2025-12-25,Cloud Storage,95FF-2EF5-5EA1,0.52,0.00,0.00,0.523731,0.52
2025-12-25,Secret Manager,EE82-7A5E-871C,0.01,0.00,0.00,0.013157,0.01
2025-12-25,Networking,E505-1604-58F8,0.44,0.00,-0.44,0.000000,0.00
2025-12-24,Cloud Run,152E-C115-5142,41.17,0.00,0.00,41.165179,41.17
2025-12-24,App Engine,F17B-412E-CB64,23.51,0.00,0.00,23.513317,23.51
2025-12-24,Cloud SQL,9662-B51E-5089,9.86,0.00,0.00,9.861112,9.86
2025-12-24,Compute Engine,6F81-5844-456A,5.12,0.00,0.00,5.120414,5.12
2025-12-24,Artifact Registry,149C-F9EC-3994,2.31,0.00,0.00,2.310589,2.31
2025-12-24,Cloud Storage,95FF-2EF5-5EA1,0.54,0.00,0.00,0.540772,0.54
2025-12-24,Secret Manager,EE82-7A5E-871C,0.01,0.00,0.00,0.013154,0.01
2025-12-24,Networking,E505-1604-58F8,0.44,0.00,-0.44,0.000000,0.00
2025-12-23,Cloud Run,152E-C115-5142,41.52,0.00,0.00,41.516070,41.52
2025-12-23,App Engine,F17B-412E-CB64,22.26,0.00,0.00,22.258873,22.26
2025-12-23,Cloud SQL,9662-B51E-5089,9.86,0.00,0.00,9.861095,9.86
2025-12-23,Compute Engine,6F81-5844-456A,5.14,0.00,0.00,5.135130,5.14
2025-12-23,Artifact Registry,149C-F9EC-3994,2.31,0.00,0.00,2.310464,2.31
2025-12-23,Cloud Storage,95FF-2EF5-5EA1,0.54,0.00,0.00,0.540466,0.54
2025-12-23,Secret Manager,EE82-7A5E-871C,0.01,0.00,0.00,0.013151,0.01
2025-12-23,Cloud Build,8B5D-EF7D-EB12,0.00,0.00,0.00,0.000015,0.00
2025-12-23,Networking,E505-1604-58F8,0.43,0.00,-0.43,0.000000,0.00
2025-12-22,Cloud Run,152E-C115-5142,41.31,0.00,0.00,41.308149,41.31
2025-12-22,Compute Engine,6F81-5844-456A,30.09,0.00,0.00,30.091939,30.09
2025-12-22,App Engine,F17B-412E-CB64,21.05,0.00,0.00,21.054479,21.05
2025-12-22,Cloud SQL,9662-B51E-5089,9.86,0.00,0.00,9.861125,9.86
2025-12-22,Artifact Registry,149C-F9EC-3994,2.31,0.00,0.00,2.309315,2.31
2025-12-22,Cloud Storage,95FF-2EF5-5EA1,0.53,0.00,0.00,0.530038,0.53
2025-12-22,Secret Manager,EE82-7A5E-871C,0.01,0.00,0.00,0.013162,0.01
2025-12-22,Gemini API,AEFD-7695-64FA,0.00,0.00,0.00,0.000015,0.00
2025-12-22,Networking,E505-1604-58F8,1.34,0.00,-1.34,0.000000,0.00
2025-12-21,Cloud Run,152E-C115-5142,41.27,0.00,0.00,41.269424,41.27
2025-12-21,App Engine,F17B-412E-CB64,21.08,0.00,0.00,21.084248,21.08
2025-12-21,Cloud SQL,9662-B51E-5089,9.86,0.00,0.00,9.861108,9.86
2025-12-21,Compute Engine,6F81-5844-456A,4.93,0.00,0.00,4.934128,4.93
2025-12-21,Artifact Registry,149C-F9EC-3994,2.31,0.00,0.00,2.307961,2.31
2025-12-21,Cloud Storage,95FF-2EF5-5EA1,0.53,0.00,0.00,0.526892,0.53
2025-12-21,Secret Manager,EE82-7A5E-871C,0.00,0.00,0.00,0.004387,0.00
2025-12-21,Networking,E505-1604-58F8,0.43,0.00,-0.43,0.000000,0.00
2025-12-20,Cloud Run,152E-C115-5142,41.02,0.00,0.00,41.022714,41.02
2025-12-20,App Engine,F17B-412E-CB64,21.08,0.00,0.00,21.077323,21.08
2025-12-20,Cloud SQL,9662-B51E-5089,9.86,0.00,0.00,9.861098,9.86
2025-12-20,Compute Engine,6F81-5844-456A,5.02,0.00,0.00,5.018353,5.02
2025-12-20,Artifact Registry,149C-F9EC-3994,2.31,0.00,0.00,2.307946,2.31
2025-12-20,Cloud Storage,95FF-2EF5-5EA1,0.53,0.00,0.00,0.526676,0.53
2025-12-20,Networking,E505-1604-58F8,0.44,0.00,-0.44,0.000000,0.00
2025-12-19,Compute Engine,6F81-5844-456A,65.39,0.00,0.00,65.394075,65.39
2025-12-19,Cloud Run,152E-C115-5142,41.78,0.00,0.00,41.776835,41.78
2025-12-19,App Engine,F17B-412E-CB64,21.85,0.00,0.00,21.845462,21.85
2025-12-19,Cloud SQL,9662-B51E-5089,9.86,0.00,0.00,9.861113,9.86
2025-12-19,Artifact Registry,149C-F9EC-3994,2.31,0.00,0.00,2.307913,2.31
2025-12-19,Cloud Storage,95FF-2EF5-5EA1,0.55,0.00,0.00,0.546448,0.55
2025-12-19,Cloud Build,8B5D-EF7D-EB12,0.00,0.00,0.00,0.000013,0.00
2025-12-19,Networking,E505-1604-58F8,1.74,0.00,-1.74,0.000000,0.00
2025-12-18,Compute Engine,6F81-5844-456A,151.58,0.00,0.00,151.579965,151.58
2025-12-18,Cloud Run,152E-C115-5142,43.11,0.00,0.00,43.106658,43.11
2025-12-18,App Engine,F17B-412E-CB64,25.05,0.00,0.00,25.052480,25.05
2025-12-18,Cloud SQL,9662-B51E-5089,9.86,0.00,0.00,9.861070,9.86
2025-12-18,Artifact Registry,149C-F9EC-3994,2.31,0.00,0.00,2.305611,2.31
2025-12-18,Cloud Storage,95FF-2EF5-5EA1,0.53,0.00,0.00,0.530005,0.53
2025-12-18,Cloud Build,8B5D-EF7D-EB12,0.00,0.00,0.00,0.000084,0.00
2025-12-18,Networking,E505-1604-58F8,3.19,0.00,-3.19,0.000000,0.00
2025-12-17,Compute Engine,6F81-5844-456A,297.37,0.00,0.00,297.367345,297.37
2025-12-17,Cloud Run,152E-C115-5142,78.14,0.00,0.00,78.137598,78.14
2025-12-17,App Engine,F17B-412E-CB64,25.05,0.00,0.00,25.052455,25.05
2025-12-17,Cloud SQL,9662-B51E-5089,9.86,0.00,0.00,9.861056,9.86
2025-12-17,Artifact Registry,149C-F9EC-3994,2.29,0.00,0.00,2.293553,2.29
2025-12-17,Cloud Storage,95FF-2EF5-5EA1,0.60,0.00,0.00,0.597571,0.60
2025-12-17,Networking,E505-1604-58F8,7.35,0.00,-7.35,0.000000,0.00
2025-12-16,Cloud Run,152E-C115-5142,313.05,0.00,0.00,313.045369,313.05
2025-12-16,App Engine,F17B-412E-CB64,25.02,0.00,0.00,25.017337,25.02
2025-12-16,Cloud SQL,9662-B51E-5089,9.86,0.00,0.00,9.861088,9.86
2025-12-16,Compute Engine,6F81-5844-456A,5.09,0.00,0.00,5.091318,5.09
2025-12-16,Artifact Registry,149C-F9EC-3994,2.28,0.00,0.00,2.282731,2.28
2025-12-16,Cloud Storage,95FF-2EF5-5EA1,0.53,0.00,0.00,0.525396,0.53
2025-12-16,Cloud Build,8B5D-EF7D-EB12,0.00,0.00,0.00,0.000012,0.00
2025-12-16,Networking,E505-1604-58F8,0.44,0.00,-0.44,0.000000,0.00
2025-12-15,Cloud Run,152E-C115-5142,333.54,0.00,0.00,333.536927,333.54
2025-12-15,App Engine,F17B-412E-CB64,25.04,0.00,0.00,25.036997,25.04
2025-12-15,Cloud SQL,9662-B51E-5089,9.86,0.00,0.00,9.861074,9.86
2025-12-15,Compute Engine,6F81-5844-456A,3.23,0.00,0.00,3.233704,3.23
2025-12-15,Artifact Registry,149C-F9EC-3994,2.28,0.00,0.00,2.278004,2.28
2025-12-15,Cloud Storage,95FF-2EF5-5EA1,0.52,0.00,0.00,0.524917,0.52
2025-12-15,Networking,E505-1604-58F8,0.42,0.00,-0.42,0.000000,0.00
2025-12-14,Cloud Run,152E-C115-5142,333.35,0.00,0.00,333.345368,333.35
2025-12-14,App Engine,F17B-412E-CB64,25.07,0.00,0.00,25.070096,25.07
2025-12-14,Cloud SQL,9662-B51E-5089,9.86,0.00,0.00,9.861047,9.86
2025-12-14,Artifact Registry,149C-F9EC-3994,2.28,0.00,0.00,2.278009,2.28
2025-12-14,Compute Engine,6F81-5844-456A,0.54,0.00,0.00,0.540130,0.54
2025-12-14,Cloud Storage,95FF-2EF5-5EA1,0.52,0.00,0.00,0.524402,0.52
2025-12-14,Networking,E505-1604-58F8,0.38,0.00,-0.38,0.000000,0.00
2025-12-13,Cloud Run,152E-C115-5142,333.24,0.00,0.00,333.241518,333.24
2025-12-13,App Engine,F17B-412E-CB64,25.08,0.00,0.00,25.077658,25.08
2025-12-13,Cloud SQL,9662-B51E-5089,9.86,0.00,0.00,9.861092,9.86
2025-12-13,Artifact Registry,149C-F9EC-3994,2.28,0.00,0.00,2.278010,2.28
2025-12-13,Cloud Storage,95FF-2EF5-5EA1,0.52,0.00,0.00,0.524706,0.52
2025-12-13,Compute Engine,6F81-5844-456A,0.50,0.00,0.00,0.502681,0.50
2025-12-13,Networking,E505-1604-58F8,0.38,0.00,-0.38,0.000000,0.00
2025-12-12,Cloud Run,152E-C115-5142,334.37,0.00,0.00,334.373979,334.37
2025-12-12,App Engine,F17B-412E-CB64,25.06,0.00,0.00,25.056301,25.06
2025-12-12,Cloud SQL,9662-B51E-5089,9.86,0.00,0.00,9.861046,9.86
2025-12-12,Artifact Registry,149C-F9EC-3994,2.29,0.00,0.00,2.292527,2.29
2025-12-12,Compute Engine,6F81-5844-456A,0.71,0.00,0.00,0.707388,0.71
2025-12-12,Cloud Storage,95FF-2EF5-5EA1,0.53,0.00,0.00,0.526576,0.53
2025-12-12,Networking,E505-1604-58F8,0.38,0.00,-0.38,0.000000,0.00
2025-12-11,Cloud Run,152E-C115-5142,334.02,0.00,0.00,334.023533,334.02
2025-12-11,App Engine,F17B-412E-CB64,25.16,0.00,0.00,25.160809,25.16
2025-12-11,Compute Engine,6F81-5844-456A,12.38,0.00,0.00,12.376292,12.38
2025-12-11,Cloud SQL,9662-B51E-5089,9.86,0.00,0.00,9.861144,9.86
2025-12-11,Artifact Registry,149C-F9EC-3994,2.30,0.00,0.00,2.301549,2.30
2025-12-11,Cloud Storage,95FF-2EF5-5EA1,0.53,0.00,0.00,0.531312,0.53
2025-12-11,Cloud Build,8B5D-EF7D-EB12,0.00,0.00,0.00,0.000115,0.00
2025-12-11,Networking,E505-1604-58F8,0.86,0.00,-0.86,0.000000,0.00
2025-12-10,Cloud Run,152E-C115-5142,324.58,0.00,0.00,324.580105,324.58
2025-12-10,App Engine,F17B-412E-CB64,25.03,0.00,0.00,25.030116,25.03
2025-12-10,Cloud SQL,9662-B51E-5089,9.86,0.00,0.00,9.861120,9.86
2025-12-10,Compute Engine,6F81-5844-456A,2.56,0.00,0.00,2.561411,2.56
2025-12-10,Artifact Registry,149C-F9EC-3994,2.27,0.00,0.00,2.270222,2.27
2025-12-10,Cloud Storage,95FF-2EF5-5EA1,0.58,0.00,0.00,0.580214,0.58
2025-12-10,Cloud Build,8B5D-EF7D-EB12,0.00,0.00,0.00,0.000083,0.00
2025-12-10,Networking,E505-1604-58F8,0.40,0.00,-0.40,0.000000,0.00
2025-12-09,Cloud Run,152E-C115-5142,316.74,0.00,0.00,316.735035,316.74
2025-12-09,App Engine,F17B-412E-CB64,25.07,0.00,0.00,25.070097,25.07
2025-12-09,Cloud SQL,9662-B51E-5089,9.86,0.00,0.00,9.861104,9.86
2025-12-09,Artifact Registry,149C-F9EC-3994,2.26,0.00,0.00,2.262754,2.26
2025-12-09,Compute Engine,6F81-5844-456A,0.67,0.00,0.00,0.673682,0.67
2025-12-09,Cloud Storage,95FF-2EF5-5EA1,0.58,0.00,0.00,0.579946,0.58
2025-12-09,Cloud Memorystore for Redis,5AF5-2C11-D467,0.01,0.00,0.00,0.013308,0.01
2025-12-09,Cloud Build,8B5D-EF7D-EB12,0.00,0.00,0.00,0.000062,0.00
2025-12-09,Networking,E505-1604-58F8,0.40,0.00,-0.40,0.000000,0.00
2025-12-08,Cloud Run,152E-C115-5142,312.90,0.00,0.00,312.898298,312.90
2025-12-08,App Engine,F17B-412E-CB64,25.11,0.00,0.00,25.105119,25.11
2025-12-08,Cloud SQL,9662-B51E-5089,9.87,0.00,0.00,9.867593,9.87
2025-12-08,Artifact Registry,149C-F9EC-3994,2.27,0.00,0.00,2.271536,2.27
2025-12-08,Compute Engine,6F81-5844-456A,1.16,0.00,0.00,1.157221,1.16
2025-12-08,Cloud Storage,95FF-2EF5-5EA1,0.61,0.00,0.00,0.606060,0.61
2025-12-08,Cloud Build,8B5D-EF7D-EB12,0.00,0.00,0.00,0.000441,0.00
2025-12-08,Networking,E505-1604-58F8,0.39,0.00,-0.39,0.000000,0.00
2025-12-07,Cloud Run,152E-C115-5142,310.34,0.00,0.00,310.344347,310.34
2025-12-07,App Engine,F17B-412E-CB64,25.06,0.00,0.00,25.056134,25.06
2025-12-07,Cloud SQL,9662-B51E-5089,9.86,0.00,0.00,9.861004,9.86
2025-12-07,Artifact Registry,149C-F9EC-3994,2.25,0.00,0.00,2.251537,2.25
2025-12-07,Compute Engine,6F81-5844-456A,0.58,0.00,0.00,0.575869,0.58
2025-12-07,Cloud Storage,95FF-2EF5-5EA1,0.53,0.00,0.00,0.529268,0.53
2025-12-07,Cloud Build,8B5D-EF7D-EB12,0.00,0.00,0.00,0.000215,0.00
2025-12-07,Networking,E505-1604-58F8,0.38,0.00,-0.38,0.000000,0.00
2025-12-06,Cloud Run,152E-C115-5142,310.02,0.00,0.00,310.019966,310.02
2025-12-06,App Engine,F17B-412E-CB64,25.06,0.00,0.00,25.057176,25.06
2025-12-06,Cloud SQL,9662-B51E-5089,9.86,0.00,0.00,9.861040,9.86
2025-12-06,Artifact Registry,149C-F9EC-3994,2.25,0.00,0.00,2.247750,2.25
2025-12-06,Compute Engine,6F81-5844-456A,0.60,0.00,0.00,0.598665,0.60
2025-12-06,Cloud Storage,95FF-2EF5-5EA1,0.55,0.00,0.00,0.548487,0.55
2025-12-06,Networking,E505-1604-58F8,0.38,0.00,-0.38,0.000000,0.00
2025-12-05,Cloud Run,152E-C115-5142,304.13,0.00,0.00,304.127425,304.13
2025-12-05,App Engine,F17B-412E-CB64,24.78,0.00,0.00,24.779782,24.78
2025-12-05,Cloud SQL,9662-B51E-5089,9.86,0.00,0.00,9.861012,9.86
2025-12-05,Compute Engine,6F81-5844-456A,3.99,0.00,0.00,3.986461,3.99
2025-12-05,Artifact Registry,149C-F9EC-3994,2.25,0.00,0.00,2.245219,2.25
2025-12-05,Cloud Storage,95FF-2EF5-5EA1,0.56,0.00,0.00,0.560506,0.56
2025-12-05,Cloud Build,8B5D-EF7D-EB12,0.00,0.00,0.00,0.000377,0.00
2025-12-05,Networking,E505-1604-58F8,0.42,0.00,-0.42,0.000000,0.00
2025-12-04,Cloud Run,152E-C115-5142,305.17,0.00,0.00,305.167514,305.17
2025-12-04,Compute Engine,6F81-5844-456A,263.44,0.00,0.00,263.442041,263.44
2025-12-04,App Engine,F17B-412E-CB64,24.57,0.00,0.00,24.572454,24.57
2025-12-04,Cloud SQL,9662-B51E-5089,9.86,0.00,0.00,9.861007,9.86
2025-12-04,Artifact Registry,149C-F9EC-3994,2.24,0.00,0.00,2.240294,2.24
2025-12-04,Cloud Storage,95FF-2EF5-5EA1,0.57,0.00,0.00,0.569465,0.57
2025-12-04,Cloud Build,8B5D-EF7D-EB12,0.00,0.00,0.00,0.000055,0.00
2025-12-04,Networking,E505-1604-58F8,5.67,0.00,-5.67,0.000000,0.00
2025-12-03,Cloud Run,152E-C115-5142,306.20,0.00,0.00,306.204892,306.20
2025-12-03,Compute Engine,6F81-5844-456A,34.85,0.00,0.00,34.850526,34.85
2025-12-03,App Engine,F17B-412E-CB64,24.54,0.00,0.00,24.535679,24.54
2025-12-03,Cloud SQL,9662-B51E-5089,9.86,0.00,0.00,9.861006,9.86
2025-12-03,Artifact Registry,149C-F9EC-3994,2.24,0.00,0.00,2.237857,2.24
2025-12-03,Cloud Storage,95FF-2EF5-5EA1,0.62,0.00,0.00,0.623463,0.62
2025-12-03,Cloud Build,8B5D-EF7D-EB12,0.00,0.00,0.00,0.000108,0.00
2025-12-03,Networking,E505-1604-58F8,4.42,0.00,-4.42,0.000000,0.00
2025-12-02,Cloud Run,152E-C115-5142,305.08,0.00,0.00,305.078074,305.08
2025-12-02,App Engine,F17B-412E-CB64,24.54,0.00,0.00,24.544073,24.54
2025-12-02,Cloud SQL,9662-B51E-5089,9.86,0.00,0.00,9.860964,9.86
2025-12-02,Artifact Registry,149C-F9EC-3994,2.23,0.00,0.00,2.230861,2.23
2025-12-02,Cloud Storage,95FF-2EF5-5EA1,0.53,0.00,0.00,0.532284,0.53
2025-12-02,Compute Engine,6F81-5844-456A,0.20,0.00,0.00,0.199751,0.20
2025-12-02,Cloud Build,8B5D-EF7D-EB12,0.00,0.00,0.00,0.001038,0.00
2025-12-02,Networking,E505-1604-58F8,0.38,0.00,-0.38,0.000000,0.00
2025-12-01,Cloud Run,152E-C115-5142,300.49,0.00,-3.95,296.537982,296.54
2025-12-01,App Engine,F17B-412E-CB64,24.60,0.00,0.00,24.596711,24.60
2025-12-01,Cloud SQL,9662-B51E-5089,9.86,0.00,0.00,9.860954,9.86
2025-12-01,Artifact Registry,149C-F9EC-3994,2.18,0.00,0.00,2.178363,2.18
2025-12-01,Cloud Storage,95FF-2EF5-5EA1,0.60,0.00,0.00,0.595757,0.60
2025-12-01,Compute Engine,6F81-5844-456A,0.42,0.00,0.00,0.422184,0.42
2025-12-01,Cloud Build,8B5D-EF7D-EB12,0.00,0.00,0.00,0.000272,0.00
2025-12-01,Networking,E505-1604-58F8,0.38,0.00,-0.38,0.000000,0.00
2025-11-30,Cloud Run,152E-C115-5142,294.42,0.00,0.00,294.420787,294.42
2025-11-30,App Engine,F17B-412E-CB64,25.00,0.00,0.00,25.004669,25.00
2025-11-30,Cloud SQL,9662-B51E-5089,9.87,0.00,0.00,9.873610,9.87
2025-11-30,Artifact Registry,149C-F9EC-3994,2.28,0.00,0.00,2.279326,2.28
2025-11-30,Cloud Storage,95FF-2EF5-5EA1,0.57,0.00,0.00,0.566328,0.57
2025-11-30,Compute Engine,6F81-5844-456A,0.46,0.00,0.00,0.462116,0.46
2025-11-30,Secret Manager,EE82-7A5E-871C,0.01,0.00,0.00,0.013544,0.01
2025-11-30,Networking,E505-1604-58F8,0.38,0.00,-0.38,0.000000,0.00
2025-11-29,Cloud Run,152E-C115-5142,294.08,0.00,0.00,294.079535,294.08
2025-11-29,App Engine,F17B-412E-CB64,25.02,0.00,0.00,25.020060,25.02
2025-11-29,Cloud SQL,9662-B51E-5089,9.87,0.00,0.00,9.873598,9.87
2025-11-29,Artifact Registry,149C-F9EC-3994,2.28,0.00,0.00,2.277801,2.28
2025-11-29,Compute Engine,6F81-5844-456A,0.60,0.00,0.00,0.601934,0.60
2025-11-29,Cloud Storage,95FF-2EF5-5EA1,0.54,0.00,0.00,0.540372,0.54
2025-11-29,Secret Manager,EE82-7A5E-871C,0.01,0.00,0.00,0.013550,0.01
2025-11-29,Cloud Build,8B5D-EF7D-EB12,0.00,0.00,0.00,0.000201,0.00
2025-11-29,Networking,E505-1604-58F8,0.38,0.00,-0.38,0.000000,0.00
2025-11-28,Cloud Run,152E-C115-5142,294.31,0.00,0.00,294.314507,294.31
2025-11-28,App Engine,F17B-412E-CB64,25.01,0.00,0.00,25.010154,25.01
2025-11-28,Cloud SQL,9662-B51E-5089,9.87,0.00,0.00,9.873572,9.87
2025-11-28,Artifact Registry,149C-F9EC-3994,2.27,0.00,0.00,2.273559,2.27
2025-11-28,Cloud Storage,95FF-2EF5-5EA1,0.66,0.00,0.00,0.661770,0.66
2025-11-28,Compute Engine,6F81-5844-456A,0.64,0.00,0.00,0.635308,0.64
2025-11-28,Secret Manager,EE82-7A5E-871C,0.01,0.00,0.00,0.013532,0.01
2025-11-28,Cloud Build,8B5D-EF7D-EB12,0.00,0.00,0.00,0.000525,0.00
2025-11-28,Networking,E505-1604-58F8,0.38,0.00,-0.38,0.000000,0.00
2025-11-27,Cloud Run,152E-C115-5142,292.99,0.00,0.00,292.990354,292.99
2025-11-27,App Engine,F17B-412E-CB64,25.00,0.00,0.00,25.003019,25.00
2025-11-27,Cloud SQL,9662-B51E-5089,9.87,0.00,0.00,9.873616,9.87
2025-11-27,Artifact Registry,149C-F9EC-3994,2.27,0.00,0.00,2.270298,2.27
2025-11-27,Compute Engine,6F81-5844-456A,0.59,0.00,0.00,0.586715,0.59
2025-11-27,Cloud Storage,95FF-2EF5-5EA1,0.57,0.00,0.00,0.565837,0.57
2025-11-27,Secret Manager,EE82-7A5E-871C,0.01,0.00,0.00,0.013546,0.01
2025-11-27,Networking,E505-1604-58F8,0.38,0.00,-0.38,0.000000,0.00
2025-11-26,Cloud Run,152E-C115-5142,291.06,0.00,0.00,291.056271,291.06
2025-11-26,App Engine,F17B-412E-CB64,24.99,0.00,0.00,24.986461,24.99
2025-11-26,Cloud SQL,9662-B51E-5089,9.87,0.00,0.00,9.873592,9.87
2025-11-26,Artifact Registry,149C-F9EC-3994,2.27,0.00,0.00,2.269845,2.27
2025-11-26,Compute Engine,6F81-5844-456A,0.77,0.00,0.00,0.771490,0.77
2025-11-26,Cloud Storage,95FF-2EF5-5EA1,0.59,0.00,0.00,0.594544,0.59
2025-11-26,Secret Manager,EE82-7A5E-871C,0.01,0.00,0.00,0.013544,0.01
2025-11-26,Networking,E505-1604-58F8,0.38,0.00,-0.38,0.000000,0.00
2025-11-25,Cloud Run,152E-C115-5142,285.57,0.00,0.00,285.569833,285.57
2025-11-25,App Engine,F17B-412E-CB64,25.10,0.00,0.00,25.099020,25.10
2025-11-25,Cloud SQL,9662-B51E-5089,9.87,0.00,0.00,9.873603,9.87
2025-11-25,Artifact Registry,149C-F9EC-3994,2.27,0.00,0.00,2.268577,2.27
2025-11-25,Compute Engine,6F81-5844-456A,1.14,0.00,0.00,1.136973,1.14
2025-11-25,Cloud Storage,95FF-2EF5-5EA1,0.58,0.00,0.00,0.579591,0.58
2025-11-25,Secret Manager,EE82-7A5E-871C,0.01,0.00,0.00,0.013536,0.01
2025-11-25,Cloud Build,8B5D-EF7D-EB12,0.00,0.00,0.00,0.000013,0.00
2025-11-25,Networking,E505-1604-58F8,0.38,0.00,-0.38,0.000000,0.00
2025-11-24,Cloud Run,152E-C115-5142,281.55,0.00,0.00,281.545587,281.55
2025-11-24,App Engine,F17B-412E-CB64,25.64,0.00,0.00,25.644622,25.64
2025-11-24,Cloud SQL,9662-B51E-5089,9.87,0.00,0.00,9.873545,9.87
2025-11-24,Artifact Registry,149C-F9EC-3994,2.27,0.00,0.00,2.266586,2.27
2025-11-24,Compute Engine,6F81-5844-456A,1.75,0.00,0.00,1.748163,1.75
2025-11-24,Cloud Storage,95FF-2EF5-5EA1,0.59,0.00,0.00,0.593780,0.59
2025-11-24,Secret Manager,EE82-7A5E-871C,0.01,0.00,0.00,0.013550,0.01
2025-11-24,Cloud Build,8B5D-EF7D-EB12,0.00,0.00,0.00,0.000006,0.00
2025-11-24,Networking,E505-1604-58F8,0.38,0.00,-0.38,0.000000,0.00
2025-11-23,Cloud Run,152E-C115-5142,279.83,0.00,0.00,279.830135,279.83
2025-11-23,Compute Engine,6F81-5844-456A,51.50,0.00,0.00,51.500543,51.50
2025-11-23,App Engine,F17B-412E-CB64,25.60,0.00,0.00,25.595962,25.60
2025-11-23,Cloud SQL,9662-B51E-5089,9.87,0.00,0.00,9.873549,9.87
2025-11-23,Artifact Registry,149C-F9EC-3994,2.27,0.00,0.00,2.266184,2.27
2025-11-23,Cloud Storage,95FF-2EF5-5EA1,0.55,0.00,0.00,0.553961,0.55
2025-11-23,Secret Manager,EE82-7A5E-871C,0.01,0.00,0.00,0.013532,0.01
2025-11-23,Networking,E505-1604-58F8,3.95,0.00,-3.95,0.000000,0.00
2025-11-22,Cloud Run,152E-C115-5142,279.60,0.00,0.00,279.604458,279.60
2025-11-22,App Engine,F17B-412E-CB64,25.17,0.00,0.00,25.171393,25.17
2025-11-22,Cloud SQL,9662-B51E-5089,9.87,0.00,0.00,9.873567,9.87
2025-11-22,Artifact Registry,149C-F9EC-3994,2.27,0.00,0.00,2.266195,2.27
2025-11-22,Compute Engine,6F81-5844-456A,0.62,0.00,0.00,0.615425,0.62
2025-11-22,Cloud Storage,95FF-2EF5-5EA1,0.54,0.00,0.00,0.537704,0.54
2025-11-22,Secret Manager,EE82-7A5E-871C,0.01,0.00,0.00,0.013548,0.01
2025-11-22,Networking,E505-1604-58F8,0.38,0.00,-0.38,0.000000,0.00
2025-11-21,Cloud Run,152E-C115-5142,280.28,0.00,0.00,280.278599,280.28
2025-11-21,Compute Engine,6F81-5844-456A,54.45,0.00,0.00,54.452821,54.45
2025-11-21,App Engine,F17B-412E-CB64,25.64,0.00,0.00,25.637913,25.64
2025-11-21,Cloud SQL,9662-B51E-5089,9.87,0.00,0.00,9.873544,9.87
2025-11-21,Artifact Registry,149C-F9EC-3994,2.27,0.00,0.00,2.265219,2.27
2025-11-21,Cloud Storage,95FF-2EF5-5EA1,0.56,0.00,0.00,0.560125,0.56
2025-11-21,Secret Manager,EE82-7A5E-871C,0.01,0.00,0.00,0.013544,0.01
2025-11-21,Cloud Build,8B5D-EF7D-EB12,0.00,0.00,0.00,0.000006,0.00
2025-11-21,Networking,E505-1604-58F8,3.38,0.00,-3.38,0.000000,0.00
2025-11-20,Cloud Run,152E-C115-5142,284.65,0.00,0.00,284.647702,284.65
2025-11-20,App Engine,F17B-412E-CB64,26.44,0.00,0.00,26.439401,26.44
2025-11-20,Cloud SQL,9662-B51E-5089,9.87,0.00,0.00,9.873560,9.87
2025-11-20,Compute Engine,6F81-5844-456A,4.43,0.00,0.00,4.434856,4.43
2025-11-20,Artifact Registry,149C-F9EC-3994,2.26,0.00,0.00,2.261599,2.26
2025-11-20,Cloud Storage,95FF-2EF5-5EA1,0.69,0.00,0.00,0.689128,0.69
2025-11-20,Secret Manager,EE82-7A5E-871C,0.00,0.00,0.00,0.000188,0.00
2025-11-20,Cloud Build,8B5D-EF7D-EB12,0.00,0.00,0.00,0.000068,0.00
2025-11-20,Networking,E505-1604-58F8,0.43,0.00,-0.43,0.000000,0.00
2025-11-19,Cloud Run,152E-C115-5142,282.58,0.00,0.00,282.579468,282.58
2025-11-19,App Engine,F17B-412E-CB64,25.24,0.00,0.00,25.237288,25.24
2025-11-19,Cloud SQL,9662-B51E-5089,9.87,0.00,0.00,9.873513,9.87
2025-11-19,Compute Engine,6F81-5844-456A,3.16,0.00,0.00,3.161456,3.16
2025-11-19,Artifact Registry,149C-F9EC-3994,2.26,0.00,0.00,2.257871,2.26
2025-11-19,Cloud Storage,95FF-2EF5-5EA1,0.54,0.00,0.00,0.540305,0.54
2025-11-19,Networking,E505-1604-58F8,0.41,0.00,-0.41,0.000000,0.00
2025-11-18,Cloud Run,152E-C115-5142,281.06,0.00,0.00,281.062436,281.06
2025-11-18,Compute Engine,6F81-5844-456A,50.02,0.00,0.00,50.015573,50.02
2025-11-18,App Engine,F17B-412E-CB64,25.82,0.00,0.00,25.823595,25.82
2025-11-18,Cloud SQL,9662-B51E-5089,9.87,0.00,0.00,9.873536,9.87
2025-11-18,Artifact Registry,149C-F9EC-3994,2.26,0.00,0.00,2.257286,2.26
2025-11-18,Cloud Storage,95FF-2EF5-5EA1,0.53,0.00,0.00,0.533641,0.53
2025-11-18,Cloud Build,8B5D-EF7D-EB12,0.00,0.00,0.00,0.000077,0.00
2025-11-18,Networking,E505-1604-58F8,3.47,0.00,-3.47,0.000000,0.00
2025-11-17,Cloud Run,152E-C115-5142,270.90,0.00,0.00,270.896747,270.90
2025-11-17,App Engine,F17B-412E-CB64,25.85,0.00,0.00,25.851145,25.85
2025-11-17,Cloud SQL,9662-B51E-5089,9.87,0.00,0.00,9.873580,9.87
2025-11-17,Artifact Registry,149C-F9EC-3994,2.26,0.00,0.00,2.255529,2.26
2025-11-17,Compute Engine,6F81-5844-456A,0.83,0.00,0.00,0.833306,0.83
2025-11-17,Cloud Storage,95FF-2EF5-5EA1,0.53,0.00,0.00,0.534222,0.53
2025-11-17,Networking,E505-1604-58F8,0.38,0.00,-0.38,0.000000,0.00
2025-11-16,Cloud Run,152E-C115-5142,259.89,0.00,0.00,259.886951,259.89
2025-11-16,App Engine,F17B-412E-CB64,25.10,0.00,0.00,25.097165,25.10
2025-11-16,Cloud SQL,9662-B51E-5089,9.87,0.00,0.00,9.873552,9.87
2025-11-16,Artifact Registry,149C-F9EC-3994,2.25,0.00,0.00,2.254252,2.25
2025-11-16,Compute Engine,6F81-5844-456A,0.69,0.00,0.00,0.689264,0.69
2025-11-16,Cloud Storage,95FF-2EF5-5EA1,0.53,0.00,0.00,0.532748,0.53
2025-11-16,Networking,E505-1604-58F8,0.38,0.00,-0.38,0.000000,0.00
2025-11-15,Cloud Run,152E-C115-5142,260.05,0.00,0.00,260.046277,260.05
2025-11-15,App Engine,F17B-412E-CB64,25.18,0.00,0.00,25.180590,25.18
2025-11-15,Cloud SQL,9662-B51E-5089,9.87,0.00,0.00,9.873547,9.87
2025-11-15,Artifact Registry,149C-F9EC-3994,2.25,0.00,0.00,2.254251,2.25
2025-11-15,Compute Engine,6F81-5844-456A,1.57,0.00,0.00,1.572662,1.57
2025-11-15,Cloud Storage,95FF-2EF5-5EA1,0.53,0.00,0.00,0.532812,0.53
2025-11-15,Networking,E505-1604-58F8,0.39,0.00,-0.39,0.000000,0.00
2025-11-14,Cloud Run,152E-C115-5142,261.44,0.00,0.00,261.444390,261.44
2025-11-14,Compute Engine,6F81-5844-456A,55.13,0.00,0.00,55.126458,55.13
2025-11-14,App Engine,F17B-412E-CB64,25.70,0.00,0.00,25.696448,25.70
2025-11-14,Cloud SQL,9662-B51E-5089,9.87,0.00,0.00,9.873844,9.87
2025-11-14,Artifact Registry,149C-F9EC-3994,2.25,0.00,0.00,2.254118,2.25
2025-11-14,Cloud Storage,95FF-2EF5-5EA1,0.53,0.00,0.00,0.533908,0.53
2025-11-14,Cloud Build,8B5D-EF7D-EB12,0.00,0.00,0.00,0.000014,0.00
2025-11-14,Networking,E505-1604-58F8,3.94,0.00,-3.94,0.000000,0.00
2025-11-13,Cloud Run,152E-C115-5142,259.99,0.00,0.00,259.991244,259.99
2025-11-13,App Engine,F17B-412E-CB64,25.77,0.00,0.00,25.765315,25.77
2025-11-13,Cloud SQL,9662-B51E-5089,9.87,0.00,0.00,9.873555,9.87
2025-11-13,Artifact Registry,149C-F9EC-3994,2.25,0.00,0.00,2.253859,2.25
2025-11-13,Compute Engine,6F81-5844-456A,1.39,0.00,0.00,1.385963,1.39
2025-11-13,Cloud Storage,95FF-2EF5-5EA1,0.54,0.00,0.00,0.536594,0.54
2025-11-13,Networking,E505-1604-58F8,0.38,0.00,-0.38,0.000000,0.00
2025-11-12,Cloud Run,152E-C115-5142,261.61,0.00,0.00,261.606617,261.61
2025-11-12,App Engine,F17B-412E-CB64,25.41,0.00,0.00,25.414527,25.41
2025-11-12,Cloud SQL,9662-B51E-5089,9.87,0.00,0.00,9.873526,9.87
2025-11-12,Artifact Registry,149C-F9EC-3994,2.25,0.00,0.00,2.253373,2.25
2025-11-12,Compute Engine,6F81-5844-456A,2.07,0.00,0.00,2.074177,2.07
2025-11-12,Cloud Storage,95FF-2EF5-5EA1,0.54,0.00,0.00,0.539674,0.54
2025-11-12,Cloud Build,8B5D-EF7D-EB12,0.00,0.00,0.00,0.000028,0.00
2025-11-12,Networking,E505-1604-58F8,0.40,0.00,-0.40,0.000000,0.00
2025-11-11,Cloud Run,152E-C115-5142,258.71,0.00,0.00,258.708088,258.71
2025-11-11,App Engine,F17B-412E-CB64,25.77,0.00,0.00,25.765175,25.77
2025-11-11,Cloud SQL,9662-B51E-5089,9.87,0.00,0.00,9.873531,9.87
2025-11-11,Artifact Registry,149C-F9EC-3994,2.25,0.00,0.00,2.250696,2.25
2025-11-11,Cloud Storage,95FF-2EF5-5EA1,0.53,0.00,0.00,0.534045,0.53
2025-11-11,Compute Engine,6F81-5844-456A,0.39,0.00,0.00,0.393780,0.39
2025-11-11,Cloud Build,8B5D-EF7D-EB12,0.00,0.00,0.00,0.000020,0.00
2025-11-11,Networking,E505-1604-58F8,0.38,0.00,-0.38,0.000000,0.00
2025-11-10,Cloud Run,152E-C115-5142,251.47,0.00,0.00,251.469164,251.47
2025-11-10,App Engine,F17B-412E-CB64,26.12,0.00,0.00,26.123213,26.12
2025-11-10,Cloud SQL,9662-B51E-5089,9.87,0.00,0.00,9.873516,9.87
2025-11-10,Artifact Registry,149C-F9EC-3994,2.24,0.00,0.00,2.244798,2.24
2025-11-10,Custom Search,4550-691F-6425,1.82,0.00,0.00,1.821598,1.82
2025-11-10,Compute Engine,6F81-5844-456A,1.68,0.00,0.00,1.680761,1.68
2025-11-10,Cloud Storage,95FF-2EF5-5EA1,0.53,0.00,0.00,0.533949,0.53
2025-11-10,Networking,E505-1604-58F8,0.40,0.00,-0.40,0.000000,0.00
2025-11-09,Cloud Run,152E-C115-5142,238.20,0.00,0.00,238.204474,238.20
2025-11-09,App Engine,F17B-412E-CB64,25.34,0.00,0.00,25.338465,25.34
2025-11-09,Cloud SQL,9662-B51E-5089,9.87,0.00,0.00,9.873518,9.87
2025-11-09,Artifact Registry,149C-F9EC-3994,2.24,0.00,0.00,2.240222,2.24
2025-11-09,Cloud Storage,95FF-2EF5-5EA1,0.53,0.00,0.00,0.532834,0.53
2025-11-09,Compute Engine,6F81-5844-456A,0.29,0.00,0.00,0.286368,0.29
2025-11-09,Networking,E505-1604-58F8,0.38,0.00,-0.38,0.000000,0.00
2025-11-08,Cloud Run,152E-C115-5142,233.93,0.00,0.00,233.930160,233.93
2025-11-08,App Engine,F17B-412E-CB64,25.00,0.00,0.00,24.997586,25.00
2025-11-08,Cloud SQL,9662-B51E-5089,9.87,0.00,0.00,9.873491,9.87
2025-11-08,Artifact Registry,149C-F9EC-3994,2.24,0.00,0.00,2.239710,2.24
2025-11-08,Cloud Storage,95FF-2EF5-5EA1,0.53,0.00,0.00,0.532404,0.53
2025-11-08,Compute Engine,6F81-5844-456A,0.29,0.00,0.00,0.287175,0.29
2025-11-08,Networking,E505-1604-58F8,0.38,0.00,-0.38,0.000000,0.00
2025-11-07,Cloud Run,152E-C115-5142,239.23,0.00,0.00,239.233897,239.23
2025-11-07,App Engine,F17B-412E-CB64,25.41,0.00,0.00,25.408245,25.41
2025-11-07,Cloud SQL,9662-B51E-5089,9.87,0.00,0.00,9.873499,9.87
2025-11-07,Artifact Registry,149C-F9EC-3994,2.24,0.00,0.00,2.239711,2.24
2025-11-07,Cloud Storage,95FF-2EF5-5EA1,0.53,0.00,0.00,0.533471,0.53
2025-11-07,Compute Engine,6F81-5844-456A,0.31,0.00,0.00,0.312771,0.31
2025-11-07,Networking,E505-1604-58F8,0.38,0.00,-0.38,0.000000,0.00
2025-11-06,Cloud Run,152E-C115-5142,234.80,0.00,0.00,234.803412,234.80
2025-11-06,App Engine,F17B-412E-CB64,25.63,0.00,0.00,25.632479,25.63
2025-11-06,Cloud SQL,9662-B51E-5089,9.87,0.00,0.00,9.873474,9.87
2025-11-06,Artifact Registry,149C-F9EC-3994,2.24,0.00,0.00,2.239686,2.24
2025-11-06,Cloud Storage,95FF-2EF5-5EA1,0.53,0.00,0.00,0.532453,0.53
2025-11-06,Compute Engine,6F81-5844-456A,0.36,0.00,0.00,0.358913,0.36
2025-11-06,Networking,E505-1604-58F8,0.38,0.00,-0.38,0.000000,0.00
2025-11-05,Cloud Run,152E-C115-5142,239.66,0.00,0.00,239.662919,239.66
2025-11-05,App Engine,F17B-412E-CB64,25.56,0.00,0.00,25.564112,25.56
2025-11-05,Cloud SQL,9662-B51E-5089,9.89,0.00,0.00,9.887350,9.89
2025-11-05,Artifact Registry,149C-F9EC-3994,2.24,0.00,0.00,2.239339,2.24
2025-11-05,Cloud Storage,95FF-2EF5-5EA1,0.53,0.00,0.00,0.533918,0.53
2025-11-05,Compute Engine,6F81-5844-456A,0.43,0.00,0.00,0.426048,0.43
2025-11-05,Cloud Build,8B5D-EF7D-EB12,0.00,0.00,0.00,0.000027,0.00
2025-11-05,Networking,E505-1604-58F8,0.38,0.00,-0.38,0.000000,0.00
2025-11-04,Cloud Run,152E-C115-5142,236.92,0.00,0.00,236.923648,236.92
2025-11-04,App Engine,F17B-412E-CB64,25.65,0.00,0.00,25.649372,25.65
2025-11-04,Cloud SQL,9662-B51E-5089,9.88,0.00,0.00,9.878903,9.88
2025-11-04,Artifact Registry,149C-F9EC-3994,2.24,0.00,0.00,2.238966,2.24
2025-11-04,Cloud Storage,95FF-2EF5-5EA1,0.53,0.00,0.00,0.533592,0.53
2025-11-04,Compute Engine,6F81-5844-456A,0.21,0.00,0.00,0.210980,0.21
2025-11-04,Networking,E505-1604-58F8,0.38,0.00,-0.38,0.000000,0.00
2025-11-03,Cloud Run,152E-C115-5142,234.93,0.00,0.00,234.930393,234.93
2025-11-03,App Engine,F17B-412E-CB64,26.07,0.00,0.00,26.069450,26.07
2025-11-03,Cloud SQL,9662-B51E-5089,9.88,0.00,0.00,9.879417,9.88
2025-11-03,Artifact Registry,149C-F9EC-3994,2.24,0.00,0.00,2.239014,2.24
2025-11-03,Cloud Storage,95FF-2EF5-5EA1,0.53,0.00,0.00,0.532878,0.53
2025-11-03,Compute Engine,6F81-5844-456A,0.30,0.00,0.00,0.301212,0.30
2025-11-03,Networking,E505-1604-58F8,0.38,0.00,-0.38,0.000000,0.00
2025-11-02,Cloud Run,152E-C115-5142,244.48,0.00,0.00,244.482187,244.48
2025-11-02,App Engine,F17B-412E-CB64,26.75,0.00,0.00,26.749820,26.75
2025-11-02,Cloud SQL,9662-B51E-5089,10.29,0.00,0.00,10.290997,10.29
2025-11-02,Artifact Registry,149C-F9EC-3994,2.33,0.00,0.00,2.329926,2.33
2025-11-02,Cloud Storage,95FF-2EF5-5EA1,0.56,0.00,0.00,0.555227,0.56
2025-11-02,Compute Engine,6F81-5844-456A,0.23,0.00,0.00,0.228968,0.23
2025-11-02,Networking,E505-1604-58F8,0.40,0.00,-0.40,0.000000,0.00
2025-11-01,Cloud Run,152E-C115-5142,234.63,0.00,-3.95,230.683417,230.68
2025-11-01,App Engine,F17B-412E-CB64,24.93,0.00,0.00,24.934033,24.93
2025-11-01,Cloud SQL,9662-B51E-5089,9.88,0.00,0.00,9.879396,9.88
2025-11-01,Artifact Registry,149C-F9EC-3994,2.20,0.00,0.00,2.196170,2.20
2025-11-01,Cloud Storage,95FF-2EF5-5EA1,0.53,0.00,0.00,0.532566,0.53
2025-11-01,Compute Engine,6F81-5844-456A,0.32,0.00,0.00,0.324791,0.32
2025-11-01,Networking,E505-1604-58F8,0.38,0.00,-0.38,0.000000,0.00
2025-10-31,Cloud Run,152E-C115-5142,232.05,0.00,0.00,232.053624,232.05
2025-10-31,Compute Engine,6F81-5844-456A,81.69,0.00,0.00,81.693012,81.69
2025-10-31,App Engine,F17B-412E-CB64,25.42,0.00,0.00,25.416257,25.42
2025-10-31,Cloud SQL,9662-B51E-5089,9.73,0.00,0.00,9.731718,9.73
2025-10-31,Artifact Registry,149C-F9EC-3994,2.14,0.00,0.00,2.135036,2.14
2025-10-31,Cloud Storage,95FF-2EF5-5EA1,0.51,0.00,0.00,0.510218,0.51
2025-10-31,Secret Manager,EE82-7A5E-871C,0.01,0.00,0.00,0.012949,0.01
2025-10-31,Networking,E505-1604-58F8,9.17,0.00,-9.17,0.000000,0.00
2025-10-30,Cloud Run,152E-C115-5142,232.21,0.00,0.00,232.212573,232.21
2025-10-30,App Engine,F17B-412E-CB64,25.68,0.00,0.00,25.682947,25.68
2025-10-30,Compute Engine,6F81-5844-456A,12.36,0.00,0.00,12.363874,12.36
2025-10-30,Cloud SQL,9662-B51E-5089,9.72,0.00,0.00,9.723808,9.72
2025-10-30,Artifact Registry,149C-F9EC-3994,2.13,0.00,0.00,2.127331,2.13
2025-10-30,Cloud Storage,95FF-2EF5-5EA1,0.51,0.00,0.00,0.511633,0.51
2025-10-30,Secret Manager,EE82-7A5E-871C,0.01,0.00,0.00,0.012956,0.01
2025-10-30,Networking,E505-1604-58F8,1.24,0.00,-1.24,0.000000,0.00
2025-10-29,Cloud Run,152E-C115-5142,232.04,0.00,0.00,232.039643,232.04
2025-10-29,App Engine,F17B-412E-CB64,25.69,0.00,0.00,25.691992,25.69
2025-10-29,Cloud SQL,9662-B51E-5089,9.72,0.00,0.00,9.723703,9.72
2025-10-29,Artifact Registry,149C-F9EC-3994,2.12,0.00,0.00,2.124067,2.12
2025-10-29,Compute Engine,6F81-5844-456A,1.46,0.00,0.00,1.463002,1.46
2025-10-29,Cloud Storage,95FF-2EF5-5EA1,0.51,0.00,0.00,0.512912,0.51
2025-10-29,Secret Manager,EE82-7A5E-871C,0.01,0.00,0.00,0.012959,0.01
2025-10-29,Networking,E505-1604-58F8,0.45,0.00,-0.45,0.000000,0.00
2025-10-28,Cloud Run,152E-C115-5142,232.33,0.00,0.00,232.326064,232.33
2025-10-28,App Engine,F17B-412E-CB64,25.60,0.00,0.00,25.602085,25.60
2025-10-28,Cloud SQL,9662-B51E-5089,9.72,0.00,0.00,9.723717,9.72
2025-10-28,Artifact Registry,149C-F9EC-3994,2.12,0.00,0.00,2.117845,2.12
2025-10-28,Compute Engine,6F81-5844-456A,0.54,0.00,0.00,0.542973,0.54
2025-10-28,Cloud Storage,95FF-2EF5-5EA1,0.51,0.00,0.00,0.510573,0.51
2025-10-28,Secret Manager,EE82-7A5E-871C,0.01,0.00,0.00,0.012954,0.01
2025-10-28,Networking,E505-1604-58F8,0.38,0.00,-0.38,0.000000,0.00
2025-10-27,Cloud Run,152E-C115-5142,232.58,0.00,0.00,232.583417,232.58
2025-10-27,App Engine,F17B-412E-CB64,25.46,0.00,0.00,25.464653,25.46
2025-10-27,Cloud SQL,9662-B51E-5089,9.72,0.00,0.00,9.723694,9.72
2025-10-27,Artifact Registry,149C-F9EC-3994,2.11,0.00,0.00,2.114529,2.11
2025-10-27,Cloud Storage,95FF-2EF5-5EA1,0.51,0.00,0.00,0.510727,0.51
2025-10-27,Compute Engine,6F81-5844-456A,0.41,0.00,0.00,0.409336,0.41
2025-10-27,Container Registry Vulnerability Scanning,82AF-DE7A-51D0,0.39,0.00,0.00,0.388465,0.39
2025-10-27,Secret Manager,EE82-7A5E-871C,0.01,0.00,0.00,0.012955,0.01
2025-10-27,Networking,E505-1604-58F8,0.38,0.00,-0.38,0.000000,0.00
2025-10-26,Cloud Run,152E-C115-5142,231.08,0.00,0.00,231.079300,231.08
2025-10-26,App Engine,F17B-412E-CB64,24.88,0.00,0.00,24.878940,24.88
2025-10-26,Cloud SQL,9662-B51E-5089,9.72,0.00,0.00,9.723711,9.72
2025-10-26,Artifact Registry,149C-F9EC-3994,2.11,0.00,0.00,2.114329,2.11
2025-10-26,Cloud Storage,95FF-2EF5-5EA1,0.54,0.00,0.00,0.537968,0.54
2025-10-26,Compute Engine,6F81-5844-456A,0.38,0.00,0.00,0.375497,0.38
2025-10-26,Secret Manager,EE82-7A5E-871C,0.01,0.00,0.00,0.012957,0.01
2025-10-26,Networking,E505-1604-58F8,0.38,0.00,-0.38,0.000000,0.00
2025-10-25,Cloud Run,152E-C115-5142,231.46,0.00,0.00,231.456977,231.46
2025-10-25,App Engine,F17B-412E-CB64,25.23,0.00,0.00,25.232513,25.23
2025-10-25,Cloud SQL,9662-B51E-5089,9.72,0.00,0.00,9.723706,9.72
2025-10-25,Artifact Registry,149C-F9EC-3994,2.11,0.00,0.00,2.111914,2.11
2025-10-25,Cloud Storage,95FF-2EF5-5EA1,0.51,0.00,0.00,0.510484,0.51
2025-10-25,Compute Engine,6F81-5844-456A,0.37,0.00,0.00,0.371068,0.37
2025-10-25,Secret Manager,EE82-7A5E-871C,0.01,0.00,0.00,0.012942,0.01
2025-10-25,Networking,E505-1604-58F8,0.38,0.00,-0.38,0.000000,0.00
2025-10-24,Cloud Run,152E-C115-5142,231.36,0.00,0.00,231.362727,231.36
2025-10-24,App Engine,F17B-412E-CB64,25.39,0.00,0.00,25.389100,25.39
2025-10-24,Cloud SQL,9662-B51E-5089,9.72,0.00,0.00,9.723713,9.72
2025-10-24,Artifact Registry,149C-F9EC-3994,2.11,0.00,0.00,2.110578,2.11
2025-10-24,Cloud Storage,95FF-2EF5-5EA1,0.51,0.00,0.00,0.510418,0.51
2025-10-24,Compute Engine,6F81-5844-456A,0.46,0.00,0.00,0.460852,0.46
2025-10-24,Secret Manager,EE82-7A5E-871C,0.01,0.00,0.00,0.012949,0.01
2025-10-24,Networking,E505-1604-58F8,0.38,0.00,-0.38,0.000000,0.00
2025-10-23,Cloud Run,152E-C115-5142,230.45,0.00,0.00,230.448065,230.45
2025-10-23,App Engine,F17B-412E-CB64,25.53,0.00,0.00,25.526906,25.53
2025-10-23,Cloud SQL,9662-B51E-5089,9.75,0.00,0.00,9.746947,9.75
2025-10-23,Artifact Registry,149C-F9EC-3994,2.11,0.00,0.00,2.109602,2.11
2025-10-23,Cloud Storage,95FF-2EF5-5EA1,0.51,0.00,0.00,0.511766,0.51
2025-10-23,Compute Engine,6F81-5844-456A,0.42,0.00,0.00,0.421854,0.42
2025-10-23,Secret Manager,EE82-7A5E-871C,0.01,0.00,0.00,0.012949,0.01
2025-10-23,Networking,E505-1604-58F8,0.38,0.00,-0.38,0.000000,0.00
2025-10-22,Cloud Run,152E-C115-5142,228.14,0.00,0.00,228.143620,228.14
2025-10-22,App Engine,F17B-412E-CB64,25.90,0.00,0.00,25.901000,25.90
2025-10-22,Cloud SQL,9662-B51E-5089,9.72,0.00,0.00,9.723700,9.72
2025-10-22,Artifact Registry,149C-F9EC-3994,2.11,0.00,0.00,2.107542,2.11
2025-10-22,Compute Engine,6F81-5844-456A,0.99,0.00,0.00,0.989999,0.99
2025-10-22,Cloud Storage,95FF-2EF5-5EA1,0.55,0.00,0.00,0.545806,0.55
2025-10-22,Secret Manager,EE82-7A5E-871C,0.01,0.00,0.00,0.012963,0.01
2025-10-22,Networking,E505-1604-58F8,0.39,0.00,-0.39,0.000000,0.00
2025-10-21,Cloud Run,152E-C115-5142,224.68,0.00,0.00,224.679402,224.68
2025-10-21,App Engine,F17B-412E-CB64,25.50,0.00,0.00,25.495401,25.50
2025-10-21,Cloud SQL,9662-B51E-5089,9.72,0.00,0.00,9.723675,9.72
2025-10-21,Artifact Registry,149C-F9EC-3994,2.11,0.00,0.00,2.107553,2.11
2025-10-21,Cloud Storage,95FF-2EF5-5EA1,0.52,0.00,0.00,0.516913,0.52
2025-10-21,Compute Engine,6F81-5844-456A,0.40,0.00,0.00,0.401582,0.40
2025-10-21,Secret Manager,EE82-7A5E-871C,0.00,0.00,0.00,0.004320,0.00
2025-10-21,Networking,E505-1604-58F8,0.60,0.00,-0.60,0.000000,0.00
2025-10-20,Cloud Run,152E-C115-5142,227.00,0.00,0.00,226.997356,227.00
2025-10-20,App Engine,F17B-412E-CB64,25.73,0.00,0.00,25.732147,25.73
2025-10-20,Cloud SQL,9662-B51E-5089,9.72,0.00,0.00,9.723653,9.72
2025-10-20,Artifact Registry,149C-F9EC-3994,2.12,0.00,0.00,2.115289,2.12
2025-10-20,Compute Engine,6F81-5844-456A,0.56,0.00,0.00,0.555464,0.56
2025-10-20,Cloud Storage,95FF-2EF5-5EA1,0.51,0.00,0.00,0.513223,0.51
2025-10-20,Networking,E505-1604-58F8,0.64,0.00,-0.64,0.000000,0.00
2025-10-19,Cloud Run,152E-C115-5142,220.98,0.00,0.00,220.981610,220.98
2025-10-19,App Engine,F17B-412E-CB64,24.99,0.00,0.00,24.991636,24.99
2025-10-19,Cloud SQL,9662-B51E-5089,9.72,0.00,0.00,9.723635,9.72
2025-10-19,Artifact Registry,149C-F9EC-3994,2.09,0.00,0.00,2.094357,2.09
2025-10-19,Cloud Storage,95FF-2EF5-5EA1,0.51,0.00,0.00,0.509178,0.51
2025-10-19,Compute Engine,6F81-5844-456A,0.43,0.00,0.00,0.426489,0.43
2025-10-19,Networking,E505-1604-58F8,0.65,0.00,-0.65,0.000000,0.00
2025-10-18,Cloud Run,152E-C115-5142,218.28,0.00,0.00,218.284144,218.28
2025-10-18,App Engine,F17B-412E-CB64,25.07,0.00,0.00,25.074170,25.07
2025-10-18,Cloud SQL,9662-B51E-5089,9.72,0.00,0.00,9.723616,9.72
2025-10-18,Artifact Registry,149C-F9EC-3994,2.09,0.00,0.00,2.093905,2.09
2025-10-18,Cloud Storage,95FF-2EF5-5EA1,0.54,0.00,0.00,0.536737,0.54
2025-10-18,Compute Engine,6F81-5844-456A,0.35,0.00,0.00,0.351328,0.35
2025-10-18,Networking,E505-1604-58F8,0.67,0.00,-0.67,0.000000,0.00
2025-10-17,Cloud Run,152E-C115-5142,219.56,0.00,0.00,219.556113,219.56
2025-10-17,App Engine,F17B-412E-CB64,25.31,0.00,0.00,25.305342,25.31
2025-10-17,Cloud SQL,9662-B51E-5089,9.72,0.00,0.00,9.723624,9.72
2025-10-17,Artifact Registry,149C-F9EC-3994,2.09,0.00,0.00,2.093733,2.09
2025-10-17,Cloud Storage,95FF-2EF5-5EA1,0.51,0.00,0.00,0.509251,0.51
2025-10-17,Compute Engine,6F81-5844-456A,0.45,0.00,0.00,0.452524,0.45
2025-10-17,Networking,E505-1604-58F8,0.58,0.00,-0.58,0.000000,0.00
2025-10-16,Cloud Run,152E-C115-5142,219.26,0.00,0.00,219.263710,219.26
2025-10-16,App Engine,F17B-412E-CB64,25.34,0.00,0.00,25.342467,25.34
2025-10-16,Cloud SQL,9662-B51E-5089,9.72,0.00,0.00,9.723617,9.72
2025-10-16,Artifact Registry,149C-F9EC-3994,2.07,0.00,0.00,2.073630,2.07
2025-10-16,Compute Engine,6F81-5844-456A,1.85,0.00,0.00,1.853626,1.85
2025-10-16,Cloud Storage,95FF-2EF5-5EA1,0.61,0.00,0.00,0.609057,0.61
2025-10-16,Networking,E505-1604-58F8,0.61,0.00,-0.61,0.000000,0.00
2025-10-15,Cloud Run,152E-C115-5142,219.18,0.00,0.00,219.182751,219.18
2025-10-15,App Engine,F17B-412E-CB64,25.47,0.00,0.00,25.467886,25.47
2025-10-15,Cloud SQL,9662-B51E-5089,9.72,0.00,0.00,9.723608,9.72
2025-10-15,Artifact Registry,149C-F9EC-3994,2.01,0.00,0.00,2.006920,2.01
2025-10-15,Cloud Storage,95FF-2EF5-5EA1,0.54,0.00,0.00,0.542325,0.54
2025-10-15,Compute Engine,6F81-5844-456A,0.36,0.00,0.00,0.357928,0.36
2025-10-15,Networking,E505-1604-58F8,0.49,0.00,-0.49,0.000000,0.00
2025-10-14,Cloud Run,152E-C115-5142,219.40,0.00,0.00,219.396255,219.40
2025-10-14,App Engine,F17B-412E-CB64,25.49,0.00,0.00,25.493183,25.49
2025-10-14,Cloud SQL,9662-B51E-5089,9.72,0.00,0.00,9.723614,9.72
2025-10-14,Artifact Registry,149C-F9EC-3994,2.01,0.00,0.00,2.006947,2.01
2025-10-14,Cloud Storage,95FF-2EF5-5EA1,0.51,0.00,0.00,0.508033,0.51
2025-10-14,Compute Engine,6F81-5844-456A,0.39,0.00,0.00,0.387367,0.39
2025-10-14,Networking,E505-1604-58F8,0.68,0.00,-0.68,0.000000,0.00
2025-10-13,Cloud Run,152E-C115-5142,219.02,0.00,0.00,219.017094,219.02
2025-10-13,App Engine,F17B-412E-CB64,25.22,0.00,0.00,25.216708,25.22
2025-10-13,Cloud SQL,9662-B51E-5089,9.72,0.00,0.00,9.723581,9.72
2025-10-13,Artifact Registry,149C-F9EC-3994,2.00,0.00,0.00,2.004943,2.00
2025-10-13,Compute Engine,6F81-5844-456A,1.05,0.00,0.00,1.047947,1.05
2025-10-13,Cloud Storage,95FF-2EF5-5EA1,0.51,0.00,0.00,0.507803,0.51
2025-10-13,VM Manager,5E18-9A83-2867,0.01,0.00,-0.01,0.000000,0.00
2025-10-13,Networking,E505-1604-58F8,0.60,0.00,-0.60,0.000000,0.00
2025-10-12,Cloud Run,152E-C115-5142,218.30,0.00,0.00,218.300475,218.30
2025-10-12,App Engine,F17B-412E-CB64,24.98,0.00,0.00,24.982474,24.98
2025-10-12,Cloud SQL,9662-B51E-5089,9.72,0.00,0.00,9.723573,9.72
2025-10-12,Artifact Registry,149C-F9EC-3994,2.00,0.00,0.00,2.004480,2.00
2025-10-12,Compute Engine,6F81-5844-456A,0.91,0.00,0.00,0.909561,0.91
2025-10-12,Cloud Storage,95FF-2EF5-5EA1,0.51,0.00,0.00,0.507607,0.51
2025-10-12,Networking,E505-1604-58F8,0.66,0.00,-0.66,0.000000,0.00
2025-10-11,Cloud Run,152E-C115-5142,218.34,0.00,0.00,218.338270,218.34
2025-10-11,App Engine,F17B-412E-CB64,25.05,0.00,0.00,25.053803,25.05
2025-10-11,Cloud SQL,9662-B51E-5089,9.72,0.00,0.00,9.723623,9.72
2025-10-11,Artifact Registry,149C-F9EC-3994,2.00,0.00,0.00,2.004493,2.00
2025-10-11,Compute Engine,6F81-5844-456A,0.89,0.00,0.00,0.892098,0.89
2025-10-11,Cloud Storage,95FF-2EF5-5EA1,0.54,0.00,0.00,0.535436,0.54
2025-10-11,Networking,E505-1604-58F8,0.69,0.00,-0.69,0.000000,0.00
2025-10-10,Cloud Run,152E-C115-5142,218.80,0.00,0.00,218.799001,218.80
2025-10-10,App Engine,F17B-412E-CB64,25.16,0.00,0.00,25.163206,25.16
2025-10-10,Cloud SQL,9662-B51E-5089,9.72,0.00,0.00,9.723604,9.72
2025-10-10,Artifact Registry,149C-F9EC-3994,2.03,0.00,0.00,2.034517,2.03
2025-10-10,Compute Engine,6F81-5844-456A,0.95,0.00,0.00,0.948996,0.95
2025-10-10,Cloud Storage,95FF-2EF5-5EA1,0.51,0.00,0.00,0.507883,0.51
2025-10-10,Networking,E505-1604-58F8,0.73,0.00,-0.73,0.000000,0.00
2025-10-09,Cloud Run,152E-C115-5142,219.60,0.00,0.00,219.604765,219.60
2025-10-09,App Engine,F17B-412E-CB64,25.19,0.00,0.00,25.189776,25.19
2025-10-09,Cloud SQL,9662-B51E-5089,9.72,0.00,0.00,9.723614,9.72
2025-10-09,Artifact Registry,149C-F9EC-3994,2.00,0.00,0.00,2.003586,2.00
2025-10-09,Compute Engine,6F81-5844-456A,1.06,0.00,0.00,1.055877,1.06
2025-10-09,Cloud Storage,95FF-2EF5-5EA1,0.51,0.00,0.00,0.508197,0.51
2025-10-09,VM Manager,5E18-9A83-2867,0.00,0.00,-0.00,0.000000,0.00
2025-10-09,Networking,E505-1604-58F8,0.61,0.00,-0.61,0.000000,0.00
2025-10-08,Cloud Run,152E-C115-5142,218.85,0.00,0.00,218.850858,218.85
2025-10-08,App Engine,F17B-412E-CB64,25.26,0.00,0.00,25.255512,25.26
2025-10-08,Cloud SQL,9662-B51E-5089,9.72,0.00,0.00,9.723620,9.72
2025-10-08,Artifact Registry,149C-F9EC-3994,2.00,0.00,0.00,2.003204,2.00
2025-10-08,Compute Engine,6F81-5844-456A,0.94,0.00,0.00,0.942065,0.94
2025-10-08,Cloud Storage,95FF-2EF5-5EA1,0.51,0.00,0.00,0.508132,0.51
2025-10-08,Networking,E505-1604-58F8,0.72,0.00,-0.72,0.000000,0.00
2025-10-07,Cloud Run,152E-C115-5142,221.63,0.00,0.00,221.632464,221.63
2025-10-07,App Engine,F17B-412E-CB64,25.51,0.00,0.00,25.514121,25.51
2025-10-07,Cloud SQL,9662-B51E-5089,9.76,0.00,0.00,9.758451,9.76
2025-10-07,Artifact Registry,149C-F9EC-3994,2.00,0.00,0.00,2.002767,2.00
2025-10-07,Compute Engine,6F81-5844-456A,0.92,0.00,0.00,0.923976,0.92
2025-10-07,Cloud Storage,95FF-2EF5-5EA1,0.51,0.00,0.00,0.512457,0.51
2025-10-07,Networking,E505-1604-58F8,0.79,0.00,-0.79,0.000000,0.00
2025-10-06,Cloud Run,152E-C115-5142,219.92,0.00,0.00,219.921843,219.92
2025-10-06,App Engine,F17B-412E-CB64,25.64,0.00,0.00,25.635864,25.64
2025-10-06,Cloud SQL,9662-B51E-5089,9.72,0.00,0.00,9.723601,9.72
2025-10-06,Artifact Registry,149C-F9EC-3994,2.00,0.00,0.00,2.000453,2.00
2025-10-06,Compute Engine,6F81-5844-456A,1.01,0.00,0.00,1.009383,1.01
2025-10-06,Cloud Storage,95FF-2EF5-5EA1,0.51,0.00,0.00,0.508255,0.51
2025-10-06,Networking,E505-1604-58F8,0.55,0.00,-0.55,0.000000,0.00
2025-10-05,Cloud Run,152E-C115-5142,218.65,0.00,0.00,218.651772,218.65
2025-10-05,App Engine,F17B-412E-CB64,24.72,0.00,0.00,24.723920,24.72
2025-10-05,Cloud SQL,9662-B51E-5089,9.72,0.00,0.00,9.723597,9.72
2025-10-05,Artifact Registry,149C-F9EC-3994,2.00,0.00,0.00,1.996499,2.00
2025-10-05,Compute Engine,6F81-5844-456A,0.92,0.00,0.00,0.921937,0.92
2025-10-05,Cloud Storage,95FF-2EF5-5EA1,0.51,0.00,0.00,0.507875,0.51
2025-10-05,Networking,E505-1604-58F8,0.58,0.00,-0.58,0.000000,0.00
2025-10-04,Cloud Run,152E-C115-5142,217.57,0.00,0.00,217.570784,217.57
2025-10-04,App Engine,F17B-412E-CB64,24.69,0.00,0.00,24.691134,24.69
2025-10-04,Cloud SQL,9662-B51E-5089,9.72,0.00,0.00,9.723576,9.72
2025-10-04,Artifact Registry,149C-F9EC-3994,2.00,0.00,0.00,1.996136,2.00
2025-10-04,Compute Engine,6F81-5844-456A,0.68,0.00,0.00,0.680711,0.68
2025-10-04,Cloud Storage,95FF-2EF5-5EA1,0.54,0.00,0.00,0.535886,0.54
2025-10-04,Networking,E505-1604-58F8,0.69,0.00,-0.69,0.000000,0.00
2025-10-03,Cloud Run,152E-C115-5142,217.74,0.00,0.00,217.740775,217.74
2025-10-03,App Engine,F17B-412E-CB64,24.78,0.00,0.00,24.779830,24.78
2025-10-03,Cloud SQL,9662-B51E-5089,9.72,0.00,0.00,9.723600,9.72
2025-10-03,Artifact Registry,149C-F9EC-3994,2.00,0.00,0.00,1.995429,2.00
2025-10-03,Compute Engine,6F81-5844-456A,0.77,0.00,0.00,0.767077,0.77
2025-10-03,Cloud Storage,95FF-2EF5-5EA1,0.51,0.00,0.00,0.509264,0.51
2025-10-03,Networking,E505-1604-58F8,0.56,0.00,-0.56,0.000000,0.00
2025-10-02,Cloud Run,152E-C115-5142,202.53,0.00,0.00,202.527007,202.53
2025-10-02,App Engine,F17B-412E-CB64,24.77,0.00,0.00,24.765267,24.77
2025-10-02,Cloud SQL,9662-B51E-5089,9.72,0.00,0.00,9.723542,9.72
2025-10-02,Artifact Registry,149C-F9EC-3994,1.99,0.00,0.00,1.993700,1.99
2025-10-02,Compute Engine,6F81-5844-456A,0.75,0.00,0.00,0.747870,0.75
2025-10-02,Cloud Storage,95FF-2EF5-5EA1,0.52,0.00,0.00,0.517073,0.52
2025-10-02,Networking,E505-1604-58F8,0.66,0.00,-0.66,0.000000,0.00
2025-10-01,Cloud Run,152E-C115-5142,194.38,0.00,-3.90,190.480124,190.48
2025-10-01,App Engine,F17B-412E-CB64,25.30,0.00,0.00,25.298584,25.30
2025-10-01,Cloud SQL,9662-B51E-5089,9.72,0.00,0.00,9.723592,9.72
2025-10-01,Artifact Registry,149C-F9EC-3994,1.95,0.00,0.00,1.954101,1.95
2025-10-01,Compute Engine,6F81-5844-456A,0.71,0.00,0.00,0.711525,0.71
2025-10-01,Cloud Storage,95FF-2EF5-5EA1,0.51,0.00,0.00,0.508145,0.51
2025-10-01,Networking,E505-1604-58F8,0.59,0.00,-0.59,0.000000,0.00
,,,,Subtotal,25875.273960,25875.27
,,,,Tax,0.000000,0.00
,,,,Filtered total,25875.273960,25875.27
